{
  "description": "",
  "packOptions": {
    "ignore": [],
    "include": []
  },
  "setting": {
    "urlCheck": false,
    "es6": true,
    "postcss": true,
    "minified": false,
    "newFeature": true,
    "nodeModules": true,
    "babelSetting": {
      "ignore": [],
      "disablePlugins": [],
      "outputPath": ""
    },
    "condition": false,
    "coverView": false,
    "enhance": false,
    "showShadowRootInWxmlPanel": false,
    "packNpmRelationList": []
  },
  "compileType": "miniprogram",
  "libVersion": "2.26.0",
  "appid": "wxc81b887f0876b67c",
  "projectname": "kaoqin",
  "condition": {},
  "editorSetting": {
    "tabIndent": "insertSpaces",
    "tabSize": 2
  }
}