{
  "description": "项目私有配置文件。此文件中的内容将覆盖 project.config.json 中的相同字段。项目的改动优先同步到此文件中。详见文档：https://developers.weixin.qq.com/miniprogram/dev/devtools/projectconfig.html",
  "projectname": "code-kaoqin-20230714112623",
  "setting": {
    "compileHotReLoad": true
  },
  "condition": {
    "miniprogram": {
      "list": [
        {
          "name": "",
          "pathName": "pages/zhuye/zhuye",
          "query": "",
          "launchMode": "default",
          "scene": null
        },
        {
          "name": "",
          "pathName": "pages/zhuye/zhuye",
          "query": "",
          "launchMode": "default",
          "scene": null,
          "partialCompile": {
            "enabled": true,
            "pages": []
          }
        },
        {
          "name": "",
          "pathName": "packageC/pages/tClass/tClass",
          "query": "",
          "launchMode": "default",
          "scene": null
        }
      ]
    }
  }
}