{
  "navigationBarTitleText": "发布打卡",
  "navigationBarTextStyle": "black",
  "navigationBarBackgroundColor": "#ffffff",
  "usingComponents": {
    "van-button": "@vant/weapp/button/index",
    "van-popup": "@vant/weapp/popup/index",
    "van-dialog": "@vant/weapp/dialog/index",
      "van-cell": "@vant/weapp/cell/index",
      "van-cell-group": "@vant/weapp/cell-group/index",
      "van-datetime-picker": "@vant/weapp/datetime-picker/index",
      "van-field": "@vant/weapp/field/index",
      "van-picker": "@vant/weapp/picker/index"
  }
}